PN8_SID733	Zx.0570_P2
PN8_SID734	Zx.0570_P2
PN8_SID735	Zx.0570_P2
PN8_SID736	Zx.0570_P2
PN8_SID737	Zx.0570_P2
PN8_SID738	Zx.0570_P2
PN8_SID740	Zx.0570_P2
PN8_SID741	Zx.0570_P2
PN8_SID742	Zx.0570_P2
PN8_SID743	Zx.0570_P2
PN8_SID744	Zx.0570_P2
PN8_SID745	Zx.0570_P2
PN8_SID746	Zx.0570_P2
PN8_SID747	Zx.0570_P2
PN8_SID748	Zx.0570_P2
PN8_SID749	Zx.0570_P2
PN8_SID750	Zx.0570_P2
PN8_SID752	Zx.0570_P2
PN8_SID753	Zx.0570_P2
PN8_SID754	Zx.0570_P2
PN8_SID755	Zx.0570_P2
PN8_SID756	Zx.0570_P2
PN8_SID757	Zx.0570_P2
PN8_SID758	Zx.0570_P2
PN8_SID759	Zx.0570_P2
PN8_SID760	Zx.0570_P2
PN8_SID761	Zx.0570_P2
PN8_SID762	Zx.0570_P2
PN8_SID763	Zx.0570_P2
PN8_SID764	Zx.0570_P2
PN8_SID765	Zx.0570_P2
PN8_SID766	Zx.0570_P2
PN8_SID767	Zx.0570_P2
PN8_SID768	Zx.0570_P2
PN9_SID769	Zx.0570_P2
PN9_SID770	Zx.0570_P2
PN9_SID771	Zx.0570_P2
PN9_SID772	Zx.0570_P2
PN9_SID773	Zx.0570_P2
PN9_SID774	Zx.0570_P2
PN9_SID775	Zx.0570_P2
PN9_SID776	Zx.0570_P2
PN9_SID777	Zx.0570_P2
PN9_SID778	Zx.0570_P2
