PN10_SID893	Zd.0040_P1
PN3_SID220	Zx.0100_P4
PN3_SID221	Zx.0100_P4
PN3_SID222	Zx.0100_P4
PN3_SID223	Zx.0100_P4
PN3_SID224	Zx.0100_P4
PN3_SID225	Zx.0100_P4
PN3_SID226	Zx.0100_P4
PN3_SID227	Zx.0100_P4
PN3_SID228	Zx.0100_P4
PN3_SID229	Zx.0100_P4
PN7_SID590	Zd.0040_P1
PN7_SID591	Zd.0040_P1
PN7_SID592	Zd.0040_P1
PN7_SID593	Zd.0040_P1
PN7_SID594	Zd.0040_P1
PN7_SID595	Zd.0040_P1
PN7_SID596	Zd.0040_P1
PN7_SID598	Zd.0040_P1
PN7_SID599	Zd.0040_P1
PN7_SID601	Zd.0040_P1
PN7_SID602	Zd.0040_P1
PN7_SID603	Zd.0040_P1
PN7_SID604	Zd.0040_P1
PN7_SID605	Zd.0040_P1
PN7_SID606	Zd.0040_P1
PN7_SID607	Zd.0040_P1
PN7_SID608	Zd.0040_P1
PN7_SID609	Zd.0040_P1
PN7_SID610	Zd.0040_P1
PN7_SID611	Zd.0040_P1
PN7_SID612	Zd.0040_P1
PN7_SID613	Zd.0040_P1
PN7_SID614	Zd.0040_P1
PN7_SID615	Zd.0040_P1
PN7_SID616	Zd.0040_P1
PN7_SID617	Zd.0040_P1
PN7_SID618	Zd.0040_P1
PN7_SID619	Zd.0040_P1
PN7_SID620	Zd.0040_P1
PN7_SID621	Zd.0040_P1
PN7_SID622	Zd.0040_P1
PN7_SID623	Zd.0040_P1
PN7_SID624	Zd.0040_P1
PN7_SID625	Zd.0040_P1
PN7_SID626	Zd.0040_P1
PN7_SID627	Zd.0040_P1
PN7_SID628	Zd.0040_P1
PN7_SID629	Zd.0040_P1
