PN15_SID1438	Zv.0490_P4
PN15_SID1439	Zv.0490_P4
PN15_SID1440	Zv.0490_P4
PN16_SID1441	Zv.0490_P4
PN16_SID1442	Zv.0490_P4
PN16_SID1443	Zv.0490_P4
PN16_SID1444	Zv.0490_P4
PN16_SID1445	Zv.0490_P4
PN16_SID1446	Zv.0490_P4
PN16_SID1447	Zv.0490_P4
PN16_SID1448	Zv.0490_P4
PN16_SID1449	Zv.0490_P4
PN16_SID1450	Zv.0490_P4
PN16_SID1451	Zv.0490_P4
PN16_SID1452	Zv.0490_P4
PN16_SID1453	Zv.0490_P4
PN4_SID309	Zx.0150_P2
PN4_SID310	Zx.0150_P2
PN4_SID311	Zx.0150_P2
PN4_SID312	Zx.0150_P2
PN4_SID313	Zx.0150_P2
PN4_SID314	Zx.0150_P2
PN4_SID315	Zx.0150_P2
PN4_SID316	Zx.0150_P2
PN4_SID317	Zx.0150_P2
PN4_SID318	Zx.0150_P2
