Sample_Id	Sample_Name	Sample_Barcode	library	superpool	index_pair_number	BC1_line_id	donor	ears	dst_plate	dst_row	dst_col	library_fastq_prefix
S_1A_1	Zx.0410_P2_P2	GCCATAGCCATA	1A	DEEP	1	Zx.0410_P2_P2	Zx.0410_P2	3	1	A	1	BC1_1A
S_1A_2	Zx.0040_P1_P1	TCTGGTTCTGGT	1A	DEEP	1	Zx.0040_P1_P1	Zx.0040_P1	3	1	A	2	BC1_1A
S_1A_3	Zx.0130_P1_P2	TGGCTTTGGCTT	1A	DEEP	1	Zx.0130_P1_P2	Zx.0130_P1	3	1	A	3	BC1_1A
S_1A_4	Zx.0150_P2_P5	AACACTAACACT	1A	DEEP	1	Zx.0150_P2_P5	Zx.0150_P2	3	1	A	4	BC1_1A
S_1A_5	Zx.0410_P2_P3	TCAGGATCAGGA	1A	DEEP	1	Zx.0410_P2_P3	Zx.0410_P2	3	1	A	5	BC1_1A
S_1A_6	Zx.0040_P1_P3	TGGTCCTGGTCC	1A	DEEP	1	Zx.0040_P1_P3	Zx.0040_P1	3	1	A	6	BC1_1A
S_1A_7	Zx.0130_P1_P4	CAACTGCAACTG	1A	DEEP	1	Zx.0130_P1_P4	Zx.0130_P1	3	1	A	7	BC1_1A
S_1A_8	Zx.0410_P2_P4	CGGACCCGGACC	1A	DEEP	1	Zx.0410_P2_P4	Zx.0410_P2	3	1	A	8	BC1_1A
S_1A_9	Zx.0040_P1_P4	ATCGAGATCGAG	1A	DEEP	1	Zx.0040_P1_P4	Zx.0040_P1	3	1	A	9	BC1_1A
S_1A_10	Zx.0560_P4_P4	ATGGTGATGGTG	1A	DEEP	1	Zx.0560_P4_P4	Zx.0560_P4	2	1	A	10	BC1_1A
S_1A_11	Zx.0100_P4_P1	CTTAAGCTTAAG	1A	DEEP	1	Zx.0100_P4_P1	Zx.0100_P4	3	1	A	11	BC1_1A
S_1A_12	Zx.0560_P4_P5	GAGTGCGAGTGC	1A	DEEP	1	Zx.0560_P4_P5	Zx.0560_P4	2	1	A	12	BC1_1A
S_1B_1	Zx.0100_P4_P2	GCCATAGCCATA	1B	DEEP	2	Zx.0100_P4_P2	Zx.0100_P4	3	1	B	1	BC1_1B
S_1B_2	Zx.0100_P4_P3	TCTGGTTCTGGT	1B	DEEP	2	Zx.0100_P4_P3	Zx.0100_P4	3	1	B	2	BC1_1B
S_1B_3	Zx.0150_P2_P1	TGGCTTTGGCTT	1B	DEEP	2	Zx.0150_P2_P1	Zx.0150_P2	3	1	B	3	BC1_1B
S_1B_4	Zx.0130_P1_P1	AACACTAACACT	1B	DEEP	2	Zx.0130_P1_P1	Zx.0130_P1	3	1	B	4	BC1_1B
S_1B_5	Zx.0150_P2_P3	TCAGGATCAGGA	1B	DEEP	2	Zx.0150_P2_P3	Zx.0150_P2	3	1	B	5	BC1_1B
S_1B_6	Zd.0040_P1_P1	TGGTCCTGGTCC	1B	DEEP	2	Zd.0040_P1_P1	Zd.0040_P1	3	1	B	6	BC1_1B
S_1B_7	Zl.0010_P1_P4	CAACTGCAACTG	1B	DEEP	2	Zl.0010_P1_P4	Zl.0010_P1	3	1	B	7	BC1_1B
S_1B_8	Zd.0040_P1_P4	CGGACCCGGACC	1B	DEEP	2	Zd.0040_P1_P4	Zd.0040_P1	3	1	B	8	BC1_1B
S_1B_9	Zl.0010_P1_P5	ATCGAGATCGAG	1B	DEEP	2	Zl.0010_P1_P5	Zl.0010_P1	3	1	B	9	BC1_1B
S_1B_10	Zd.0040_P1_P5	ATGGTGATGGTG	1B	DEEP	2	Zd.0040_P1_P5	Zd.0040_P1	3	1	B	10	BC1_1B
S_1B_11	Zl.0010_P1_P1	CTTAAGCTTAAG	1B	DEEP	2	Zl.0010_P1_P1	Zl.0010_P1	3	1	B	11	BC1_1B
S_1B_12	Zd.0010_P3_P1	GAGTGCGAGTGC	1B	DEEP	2	Zd.0010_P3_P1	Zd.0010_P3	4	1	B	12	BC1_1B
S_1C_1	Zv.0370_P3_P2	GCCATAGCCATA	1C	DEEP	3	Zv.0370_P3_P2	Zv.0370_P3	3	1	C	1	BC1_1C
S_1C_2	Zv.0200_P3_P1	TCTGGTTCTGGT	1C	DEEP	3	Zv.0200_P3_P1	Zv.0200_P3	3	1	C	2	BC1_1C
S_1C_3	Zv.0140_P3_P2	TGGCTTTGGCTT	1C	DEEP	3	Zv.0140_P3_P2	Zv.0140_P3	3	1	C	3	BC1_1C
S_1C_4	Zd.0010_P3_P2	AACACTAACACT	1C	DEEP	3	Zd.0010_P3_P2	Zd.0010_P3	4	1	C	4	BC1_1C
S_1C_5	Zv.0370_P3_P3	TCAGGATCAGGA	1C	DEEP	3	Zv.0370_P3_P3	Zv.0370_P3	3	1	C	5	BC1_1C
S_1C_6	Zv.0200_P3_P2	TGGTCCTGGTCC	1C	DEEP	3	Zv.0200_P3_P2	Zv.0200_P3	3	1	C	6	BC1_1C
S_1C_7	Zv.0140_P3_P3	CAACTGCAACTG	1C	DEEP	3	Zv.0140_P3_P3	Zv.0140_P3	3	1	C	7	BC1_1C
S_1C_8	Zd.0010_P3_P3	CGGACCCGGACC	1C	DEEP	3	Zd.0010_P3_P3	Zd.0010_P3	4	1	C	8	BC1_1C
S_1C_9	Zv.0370_P3_P4	ATCGAGATCGAG	1C	DEEP	3	Zv.0370_P3_P4	Zv.0370_P3	3	1	C	9	BC1_1C
S_1C_10	Zv.0200_P3_P5	ATGGTGATGGTG	1C	DEEP	3	Zv.0200_P3_P5	Zv.0200_P3	3	1	C	10	BC1_1C
S_1C_11	Zv.0310_P3_P1	CTTAAGCTTAAG	1C	DEEP	3	Zv.0310_P3_P1	Zv.0310_P3	3	1	C	11	BC1_1C
S_1C_12	Zv.0310_P3_P2	GAGTGCGAGTGC	1C	DEEP	3	Zv.0310_P3_P2	Zv.0310_P3	3	1	C	12	BC1_1C
S_1D_1	Zv.0410_P2_P1	GCCATAGCCATA	1D	DEEP	4	Zv.0410_P2_P1	Zv.0410_P2	3	1	D	1	BC1_1D
S_1D_2	Zv.0310_P3_P4	TCTGGTTCTGGT	1D	DEEP	4	Zv.0310_P3_P4	Zv.0310_P3	3	1	D	2	BC1_1D
S_1D_3	Zv.0410_P2_P4	TGGCTTTGGCTT	1D	DEEP	4	Zv.0410_P2_P4	Zv.0410_P2	3	1	D	3	BC1_1D
S_1D_4	Zv.0410_P2_P5	AACACTAACACT	1D	DEEP	4	Zv.0410_P2_P5	Zv.0410_P2	3	1	D	4	BC1_1D
S_1D_5	Zv.0140_P3_P1	TCAGGATCAGGA	1D	DEEP	4	Zv.0140_P3_P1	Zv.0140_P3	3	1	D	5	BC1_1D
S_1D_6	Zx.0390_P2_P3	TGGTCCTGGTCC	1D	DEEP	4	Zx.0390_P2_P3	Zx.0390_P2	3	1	D	6	BC1_1D
S_1D_7	Zv.0240_P2_P1	CAACTGCAACTG	1D	DEEP	4	Zv.0240_P2_P1	Zv.0240_P2	3	1	D	7	BC1_1D
S_1D_8	Zv.0150_P4_P5	CGGACCCGGACC	1D	DEEP	4	Zv.0150_P4_P5	Zv.0150_P4	3	1	D	8	BC1_1D
S_1D_9	Zx.0470_P2_P1	ATCGAGATCGAG	1D	DEEP	4	Zx.0470_P2_P1	Zx.0470_P2	3	1	D	9	BC1_1D
S_1D_10	Zx.0390_P2_P4	ATGGTGATGGTG	1D	DEEP	4	Zx.0390_P2_P4	Zx.0390_P2	3	1	D	10	BC1_1D
S_1D_11	Zv.0240_P2_P2	CTTAAGCTTAAG	1D	DEEP	4	Zv.0240_P2_P2	Zv.0240_P2	3	1	D	11	BC1_1D
S_1D_12	Zx.0470_P2_P3	GAGTGCGAGTGC	1D	DEEP	4	Zx.0470_P2_P3	Zx.0470_P2	3	1	D	12	BC1_1D
S_1E_1	Zx.0450_P1_P2	GCCATAGCCATA	1E	DEEP	5	Zx.0450_P1_P2	Zx.0450_P1	3	1	E	1	BC1_1E
S_1E_2	Zx.0480_P2_P2	TCTGGTTCTGGT	1E	DEEP	5	Zx.0480_P2_P2	Zx.0480_P2	2	1	E	2	BC1_1E
S_1E_3	Zv.0240_P2_P5	TGGCTTTGGCTT	1E	DEEP	5	Zv.0240_P2_P5	Zv.0240_P2	3	1	E	3	BC1_1E
S_1E_4	Zx.0470_P2_P4	AACACTAACACT	1E	DEEP	5	Zx.0470_P2_P4	Zx.0470_P2	3	1	E	4	BC1_1E
S_1E_5	Zx.0450_P1_P4	TCAGGATCAGGA	1E	DEEP	5	Zx.0450_P1_P4	Zx.0450_P1	3	1	E	5	BC1_1E
S_1E_6	Zx.0480_P2_P5	TGGTCCTGGTCC	1E	DEEP	5	Zx.0480_P2_P5	Zx.0480_P2	2	1	E	6	BC1_1E
S_1E_7	Zx.0520_P4_P2	CAACTGCAACTG	1E	DEEP	5	Zx.0520_P4_P2	Zx.0520_P4	1	1	E	7	BC1_1E
S_1E_8	Zx.0350_P1_P2	CGGACCCGGACC	1E	DEEP	5	Zx.0350_P1_P2	Zx.0350_P1	3	1	E	8	BC1_1E
S_1E_9	Zv.0280_P3_P1	ATCGAGATCGAG	1E	DEEP	5	Zv.0280_P3_P1	Zv.0280_P3	3	1	E	9	BC1_1E
S_1E_10	Zx.0450_P1_P5	ATGGTGATGGTG	1E	DEEP	5	Zx.0450_P1_P5	Zx.0450_P1	3	1	E	10	BC1_1E
S_1E_11	Zx.0490_P4_P3	CTTAAGCTTAAG	1E	DEEP	5	Zx.0490_P4_P3	Zx.0490_P4	3	1	E	11	BC1_1E
S_1E_12	Zx.0350_P1_P3	GAGTGCGAGTGC	1E	DEEP	5	Zx.0350_P1_P3	Zx.0350_P1	3	1	E	12	BC1_1E
S_1F_1	Zv.0280_P3_P3	GCCATAGCCATA	1F	DEEP	6	Zv.0280_P3_P3	Zv.0280_P3	3	1	F	1	BC1_1F
S_1F_2	Zx.0430_P1_P2	TCTGGTTCTGGT	1F	DEEP	6	Zx.0430_P1_P2	Zx.0430_P1	2	1	F	2	BC1_1F
S_1F_3	Zv.0250_P3_P1	TGGCTTTGGCTT	1F	DEEP	6	Zv.0250_P3_P1	Zv.0250_P3	2	1	F	3	BC1_1F
S_1F_4	Zx.0490_P4_P4	AACACTAACACT	1F	DEEP	6	Zx.0490_P4_P4	Zx.0490_P4	3	1	F	4	BC1_1F
S_1F_5	Zx.0350_P1_P4	TCAGGATCAGGA	1F	DEEP	6	Zx.0350_P1_P4	Zx.0350_P1	3	1	F	5	BC1_1F
S_1F_6	Zv.0280_P3_P4	TGGTCCTGGTCC	1F	DEEP	6	Zv.0280_P3_P4	Zv.0280_P3	3	1	F	6	BC1_1F
S_1F_7	Zx.0430_P1_P3	CAACTGCAACTG	1F	DEEP	6	Zx.0430_P1_P3	Zx.0430_P1	2	1	F	7	BC1_1F
S_1F_8	Zv.0150_P4_P3	CGGACCCGGACC	1F	DEEP	6	Zv.0150_P4_P3	Zv.0150_P4	3	1	F	8	BC1_1F
S_1F_9	Zv.0250_P3_P3	ATCGAGATCGAG	1F	DEEP	6	Zv.0250_P3_P3	Zv.0250_P3	2	1	F	9	BC1_1F
S_1F_10	Zx.0490_P4_P5	ATGGTGATGGTG	1F	DEEP	6	Zx.0490_P4_P5	Zx.0490_P4	3	1	F	10	BC1_1F
S_1F_11	Zx.0390_P2_P1	CTTAAGCTTAAG	1F	DEEP	6	Zx.0390_P2_P1	Zx.0390_P2	3	1	F	11	BC1_1F
S_1F_12	Zv.0150_P4_P4	GAGTGCGAGTGC	1F	DEEP	6	Zv.0150_P4_P4	Zv.0150_P4	3	1	F	12	BC1_1F
S_1G_1	Zv.0030_P1_P3	GCCATAGCCATA	1G	SHALLOW_A	7	Zv.0030_P1_P3	Zv.0030_P1	5	1	G	1	BC1_1G
S_1G_2	Zv.0010_P3_P1	TCTGGTTCTGGT	1G	SHALLOW_A	7	Zv.0010_P3_P1	Zv.0010_P3	5	1	G	2	BC1_1G
S_1G_3	Zh.0030_P4_P1	TGGCTTTGGCTT	1G	SHALLOW_A	7	Zh.0030_P4_P1	Zh.0030_P4	5	1	G	3	BC1_1G
S_1G_4	Zv.0030_P1_P4	AACACTAACACT	1G	SHALLOW_A	7	Zv.0030_P1_P4	Zv.0030_P1	5	1	G	4	BC1_1G
S_1G_5	Zv.0010_P3_P2	TCAGGATCAGGA	1G	SHALLOW_A	7	Zv.0010_P3_P2	Zv.0010_P3	5	1	G	5	BC1_1G
S_1G_6	Zh.0030_P4_P2	TGGTCCTGGTCC	1G	SHALLOW_A	7	Zh.0030_P4_P2	Zh.0030_P4	5	1	G	6	BC1_1G
S_1G_7	Zv.0010_P3_P3	CAACTGCAACTG	1G	SHALLOW_A	7	Zv.0010_P3_P3	Zv.0010_P3	5	1	G	7	BC1_1G
S_1G_8	Zh.0030_P4_P3	CGGACCCGGACC	1G	SHALLOW_A	7	Zh.0030_P4_P3	Zh.0030_P4	5	1	G	8	BC1_1G
S_1G_9	Zv.0010_P3_P4	ATCGAGATCGAG	1G	SHALLOW_A	7	Zv.0010_P3_P4	Zv.0010_P3	5	1	G	9	BC1_1G
S_1G_10	Zh.0030_P4_P4	ATGGTGATGGTG	1G	SHALLOW_A	7	Zh.0030_P4_P4	Zh.0030_P4	5	1	G	10	BC1_1G
S_1G_11	Zv.0010_P3_P5	CTTAAGCTTAAG	1G	SHALLOW_A	7	Zv.0010_P3_P5	Zv.0010_P3	5	1	G	11	BC1_1G
S_1G_12	Zh.0030_P4_P5	GAGTGCGAGTGC	1G	SHALLOW_A	7	Zh.0030_P4_P5	Zh.0030_P4	5	1	G	12	BC1_1G
S_1H_1	Zv.0030_P1_P1	GCCATAGCCATA	1H	SHALLOW_A	8	Zv.0030_P1_P1	Zv.0030_P1	5	1	H	1	BC1_1H
S_1H_2	Zv.0030_P1_P2	TCTGGTTCTGGT	1H	SHALLOW_A	8	Zv.0030_P1_P2	Zv.0030_P1	5	1	H	2	BC1_1H
S_1H_3	Zd.0020_P2_P1	TGGCTTTGGCTT	1H	SHALLOW_A	8	Zd.0020_P2_P1	Zd.0020_P2	5	1	H	3	BC1_1H
S_1H_4	Zd.0010_P2_P1	AACACTAACACT	1H	SHALLOW_A	8	Zd.0010_P2_P1	Zd.0010_P2	5	1	H	4	BC1_1H
S_1H_5	Zd.0020_P2_P2	TCAGGATCAGGA	1H	SHALLOW_A	8	Zd.0020_P2_P2	Zd.0020_P2	5	1	H	5	BC1_1H
S_1H_6	Zd.0010_P2_P2	TGGTCCTGGTCC	1H	SHALLOW_A	8	Zd.0010_P2_P2	Zd.0010_P2	5	1	H	6	BC1_1H
S_1H_7	Zd.0020_P2_P3	CAACTGCAACTG	1H	SHALLOW_A	8	Zd.0020_P2_P3	Zd.0020_P2	5	1	H	7	BC1_1H
S_1H_8	Zd.0010_P2_P3	CGGACCCGGACC	1H	SHALLOW_A	8	Zd.0010_P2_P3	Zd.0010_P2	5	1	H	8	BC1_1H
S_1H_9	Zd.0020_P2_P4	ATCGAGATCGAG	1H	SHALLOW_A	8	Zd.0020_P2_P4	Zd.0020_P2	5	1	H	9	BC1_1H
S_1H_10	Zd.0010_P2_P4	ATGGTGATGGTG	1H	SHALLOW_A	8	Zd.0010_P2_P4	Zd.0010_P2	5	1	H	10	BC1_1H
S_1H_11	Zd.0020_P2_P5	CTTAAGCTTAAG	1H	SHALLOW_A	8	Zd.0020_P2_P5	Zd.0020_P2	5	1	H	11	BC1_1H
S_1H_12	Zd.0010_P2_P5	GAGTGCGAGTGC	1H	SHALLOW_A	8	Zd.0010_P2_P5	Zd.0010_P2	5	1	H	12	BC1_1H
S_2A_1	Zx.0560_P2_P2	GCCATAGCCATA	2A	SHALLOW_A	9	Zx.0560_P2_P2	Zx.0560_P2	4	2	A	1	BC1_2A
S_2A_2	Zx.0550_P1_P4	TCTGGTTCTGGT	2A	SHALLOW_A	9	Zx.0550_P1_P4	Zx.0550_P1	5	2	A	2	BC1_2A
S_2A_3	Zx.0540_P3_P3	TGGCTTTGGCTT	2A	SHALLOW_A	9	Zx.0540_P3_P3	Zx.0540_P3	5	2	A	3	BC1_2A
S_2A_4	Zx.0010_P4_P3	AACACTAACACT	2A	SHALLOW_A	9	Zx.0010_P4_P3	Zx.0010_P4	4	2	A	4	BC1_2A
S_2A_5	Zx.0190_P2_P3	TCAGGATCAGGA	2A	SHALLOW_A	9	Zx.0190_P2_P3	Zx.0190_P2	5	2	A	5	BC1_2A
S_2A_6	Zx.0090_P2_P1	TGGTCCTGGTCC	2A	SHALLOW_A	9	Zx.0090_P2_P1	Zx.0090_P2	5	2	A	6	BC1_2A
S_2A_7	Zx.0340_P2_P5	CAACTGCAACTG	2A	SHALLOW_A	9	Zx.0340_P2_P5	Zx.0340_P2	4	2	A	7	BC1_2A
S_2A_8	Zx.0020_P3_P4	CGGACCCGGACC	2A	SHALLOW_A	9	Zx.0020_P3_P4	Zx.0020_P3	5	2	A	8	BC1_2A
S_2A_9	Zx.0560_P2_P3	ATCGAGATCGAG	2A	SHALLOW_A	9	Zx.0560_P2_P3	Zx.0560_P2	4	2	A	9	BC1_2A
S_2A_10	Zx.0550_P1_P5	ATGGTGATGGTG	2A	SHALLOW_A	9	Zx.0550_P1_P5	Zx.0550_P1	5	2	A	10	BC1_2A
S_2A_11	Zx.0540_P3_P4	CTTAAGCTTAAG	2A	SHALLOW_A	9	Zx.0540_P3_P4	Zx.0540_P3	5	2	A	11	BC1_2A
S_2A_12	Zx.0010_P4_P4	GAGTGCGAGTGC	2A	SHALLOW_A	9	Zx.0010_P4_P4	Zx.0010_P4	4	2	A	12	BC1_2A
S_2B_1	Zx.0190_P2_P4	GCCATAGCCATA	2B	SHALLOW_A	10	Zx.0190_P2_P4	Zx.0190_P2	5	2	B	1	BC1_2B
S_2B_2	Zx.0090_P2_P2	TCTGGTTCTGGT	2B	SHALLOW_A	10	Zx.0090_P2_P2	Zx.0090_P2	5	2	B	2	BC1_2B
S_2B_3	Zx.0140_P2_P1	TGGCTTTGGCTT	2B	SHALLOW_A	10	Zx.0140_P2_P1	Zx.0140_P2	5	2	B	3	BC1_2B
S_2B_4	Zx.0030_P2_P1	AACACTAACACT	2B	SHALLOW_A	10	Zx.0030_P2_P1	Zx.0030_P2	4	2	B	4	BC1_2B
S_2B_5	Zx.0020_P3_P5	TCAGGATCAGGA	2B	SHALLOW_A	10	Zx.0020_P3_P5	Zx.0020_P3	5	2	B	5	BC1_2B
S_2B_6	Zx.0560_P2_P5	TGGTCCTGGTCC	2B	SHALLOW_A	10	Zx.0560_P2_P5	Zx.0560_P2	4	2	B	6	BC1_2B
S_2B_7	Zx.0550_P4_P1	CAACTGCAACTG	2B	SHALLOW_A	10	Zx.0550_P4_P1	Zx.0550_P4	4	2	B	7	BC1_2B
S_2B_8	Zx.0540_P3_P5	CGGACCCGGACC	2B	SHALLOW_A	10	Zx.0540_P3_P5	Zx.0540_P3	5	2	B	8	BC1_2B
S_2B_9	Zx.0220_P2_P1	ATCGAGATCGAG	2B	SHALLOW_A	10	Zx.0220_P2_P1	Zx.0220_P2	5	2	B	9	BC1_2B
S_2B_10	Zx.0080_P1_P1	ATGGTGATGGTG	2B	SHALLOW_A	10	Zx.0080_P1_P1	Zx.0080_P1	4	2	B	10	BC1_2B
S_2B_11	Zx.0190_P2_P5	CTTAAGCTTAAG	2B	SHALLOW_A	10	Zx.0190_P2_P5	Zx.0190_P2	5	2	B	11	BC1_2B
S_2B_12	Zx.0090_P2_P3	GAGTGCGAGTGC	2B	SHALLOW_A	10	Zx.0090_P2_P3	Zx.0090_P2	5	2	B	12	BC1_2B
S_2C_1	Zx.0140_P2_P2	GCCATAGCCATA	2C	SHALLOW_A	11	Zx.0140_P2_P2	Zx.0140_P2	5	2	C	1	BC1_2C
S_2C_2	Zx.0030_P2_P2	TCTGGTTCTGGT	2C	SHALLOW_A	11	Zx.0030_P2_P2	Zx.0030_P2	4	2	C	2	BC1_2C
S_2C_3	Zx.0500_P2_P1	TGGCTTTGGCTT	2C	SHALLOW_A	11	Zx.0500_P2_P1	Zx.0500_P2	5	2	C	3	BC1_2C
S_2C_4	Zx.0370_P2_P1	AACACTAACACT	2C	SHALLOW_A	11	Zx.0370_P2_P1	Zx.0370_P2	5	2	C	4	BC1_2C
S_2C_5	Zx.0550_P4_P2	TCAGGATCAGGA	2C	SHALLOW_A	11	Zx.0550_P4_P2	Zx.0550_P4	4	2	C	5	BC1_2C
S_2C_6	Zx.0440_P1_P1	TGGTCCTGGTCC	2C	SHALLOW_A	11	Zx.0440_P1_P1	Zx.0440_P1	5	2	C	6	BC1_2C
S_2C_7	Zx.0220_P2_P2	CAACTGCAACTG	2C	SHALLOW_A	11	Zx.0220_P2_P2	Zx.0220_P2	5	2	C	7	BC1_2C
S_2C_8	Zx.0080_P1_P2	CGGACCCGGACC	2C	SHALLOW_A	11	Zx.0080_P1_P2	Zx.0080_P1	4	2	C	8	BC1_2C
S_2C_9	Zx.0160_P2_P1	ATCGAGATCGAG	2C	SHALLOW_A	11	Zx.0160_P2_P1	Zx.0160_P2	5	2	C	9	BC1_2C
S_2C_10	Zx.0090_P2_P4	ATGGTGATGGTG	2C	SHALLOW_A	11	Zx.0090_P2_P4	Zx.0090_P2	5	2	C	10	BC1_2C
S_2C_11	Zx.0140_P2_P3	CTTAAGCTTAAG	2C	SHALLOW_A	11	Zx.0140_P2_P3	Zx.0140_P2	5	2	C	11	BC1_2C
S_2C_12	Zx.0030_P2_P3	GAGTGCGAGTGC	2C	SHALLOW_A	11	Zx.0030_P2_P3	Zx.0030_P2	4	2	C	12	BC1_2C
S_2D_1	Zx.0500_P2_P2	GCCATAGCCATA	2D	SHALLOW_A	12	Zx.0500_P2_P2	Zx.0500_P2	5	2	D	1	BC1_2D
S_2D_2	Zx.0370_P2_P2	TCTGGTTCTGGT	2D	SHALLOW_A	12	Zx.0370_P2_P2	Zx.0370_P2	5	2	D	2	BC1_2D
S_2D_3	Zx.0550_P4_P3	TGGCTTTGGCTT	2D	SHALLOW_A	12	Zx.0550_P4_P3	Zx.0550_P4	4	2	D	3	BC1_2D
S_2D_4	Zx.0440_P1_P2	AACACTAACACT	2D	SHALLOW_A	12	Zx.0440_P1_P2	Zx.0440_P1	5	2	D	4	BC1_2D
S_2D_5	Zx.0220_P2_P3	TCAGGATCAGGA	2D	SHALLOW_A	12	Zx.0220_P2_P3	Zx.0220_P2	5	2	D	5	BC1_2D
S_2D_6	Zx.0080_P1_P3	TGGTCCTGGTCC	2D	SHALLOW_A	12	Zx.0080_P1_P3	Zx.0080_P1	4	2	D	6	BC1_2D
S_2D_7	Zx.0160_P2_P2	CAACTGCAACTG	2D	SHALLOW_A	12	Zx.0160_P2_P2	Zx.0160_P2	5	2	D	7	BC1_2D
S_2D_8	Zx.0090_P2_P5	CGGACCCGGACC	2D	SHALLOW_A	12	Zx.0090_P2_P5	Zx.0090_P2	5	2	D	8	BC1_2D
S_2D_9	Zx.0140_P2_P4	ATCGAGATCGAG	2D	SHALLOW_A	12	Zx.0140_P2_P4	Zx.0140_P2	5	2	D	9	BC1_2D
S_2D_10	Zx.0030_P2_P4	ATGGTGATGGTG	2D	SHALLOW_A	12	Zx.0030_P2_P4	Zx.0030_P2	4	2	D	10	BC1_2D
S_2D_11	Zx.0500_P2_P3	CTTAAGCTTAAG	2D	SHALLOW_A	12	Zx.0500_P2_P3	Zx.0500_P2	5	2	D	11	BC1_2D
S_2D_12	Zx.0370_P2_P3	GAGTGCGAGTGC	2D	SHALLOW_A	12	Zx.0370_P2_P3	Zx.0370_P2	5	2	D	12	BC1_2D
S_2E_1	Zx.0550_P1_P1	GCCATAGCCATA	2E	SHALLOW_A	13	Zx.0550_P1_P1	Zx.0550_P1	5	2	E	1	BC1_2E
S_2E_2	Zx.0550_P4_P4	TCTGGTTCTGGT	2E	SHALLOW_A	13	Zx.0550_P4_P4	Zx.0550_P4	4	2	E	2	BC1_2E
S_2E_3	Zx.0440_P1_P3	TGGCTTTGGCTT	2E	SHALLOW_A	13	Zx.0440_P1_P3	Zx.0440_P1	5	2	E	3	BC1_2E
S_2E_4	Zx.0220_P2_P4	AACACTAACACT	2E	SHALLOW_A	13	Zx.0220_P2_P4	Zx.0220_P2	5	2	E	4	BC1_2E
S_2E_5	Zx.0080_P1_P4	TCAGGATCAGGA	2E	SHALLOW_A	13	Zx.0080_P1_P4	Zx.0080_P1	4	2	E	5	BC1_2E
S_2E_6	Zx.0160_P2_P3	TGGTCCTGGTCC	2E	SHALLOW_A	13	Zx.0160_P2_P3	Zx.0160_P2	5	2	E	6	BC1_2E
S_2E_7	Zx.0340_P2_P1	CAACTGCAACTG	2E	SHALLOW_A	13	Zx.0340_P2_P1	Zx.0340_P2	4	2	E	7	BC1_2E
S_2E_8	Zx.0140_P2_P5	CGGACCCGGACC	2E	SHALLOW_A	13	Zx.0140_P2_P5	Zx.0140_P2	5	2	E	8	BC1_2E
S_2E_9	Zx.0020_P3_P1	ATCGAGATCGAG	2E	SHALLOW_A	13	Zx.0020_P3_P1	Zx.0020_P3	5	2	E	9	BC1_2E
S_2E_10	Zx.0500_P2_P4	ATGGTGATGGTG	2E	SHALLOW_A	13	Zx.0500_P2_P4	Zx.0500_P2	5	2	E	10	BC1_2E
S_2E_11	Zx.0370_P2_P4	CTTAAGCTTAAG	2E	SHALLOW_A	13	Zx.0370_P2_P4	Zx.0370_P2	5	2	E	11	BC1_2E
S_2E_12	Zx.0550_P1_P2	GAGTGCGAGTGC	2E	SHALLOW_A	13	Zx.0550_P1_P2	Zx.0550_P1	5	2	E	12	BC1_2E
S_2F_1	Zx.0540_P3_P1	GCCATAGCCATA	2F	SHALLOW_A	14	Zx.0540_P3_P1	Zx.0540_P3	5	2	F	1	BC1_2F
S_2F_2	Zx.0440_P1_P4	TCTGGTTCTGGT	2F	SHALLOW_A	14	Zx.0440_P1_P4	Zx.0440_P1	5	2	F	2	BC1_2F
S_2F_3	Zx.0010_P4_P1	TGGCTTTGGCTT	2F	SHALLOW_A	14	Zx.0010_P4_P1	Zx.0010_P4	4	2	F	3	BC1_2F
S_2F_4	Zx.0220_P2_P5	AACACTAACACT	2F	SHALLOW_A	14	Zx.0220_P2_P5	Zx.0220_P2	5	2	F	4	BC1_2F
S_2F_5	Zx.0190_P2_P1	TCAGGATCAGGA	2F	SHALLOW_A	14	Zx.0190_P2_P1	Zx.0190_P2	5	2	F	5	BC1_2F
S_2F_6	Zx.0160_P2_P4	TGGTCCTGGTCC	2F	SHALLOW_A	14	Zx.0160_P2_P4	Zx.0160_P2	5	2	F	6	BC1_2F
S_2F_7	Zx.0340_P2_P2	CAACTGCAACTG	2F	SHALLOW_A	14	Zx.0340_P2_P2	Zx.0340_P2	4	2	F	7	BC1_2F
S_2F_8	Zx.0020_P3_P2	CGGACCCGGACC	2F	SHALLOW_A	14	Zx.0020_P3_P2	Zx.0020_P3	5	2	F	8	BC1_2F
S_2F_9	Zx.0500_P2_P5	ATCGAGATCGAG	2F	SHALLOW_A	14	Zx.0500_P2_P5	Zx.0500_P2	5	2	F	9	BC1_2F
S_2F_10	Zx.0370_P2_P5	ATGGTGATGGTG	2F	SHALLOW_A	14	Zx.0370_P2_P5	Zx.0370_P2	5	2	F	10	BC1_2F
S_2F_11	Zx.0550_P1_P3	CTTAAGCTTAAG	2F	SHALLOW_A	14	Zx.0550_P1_P3	Zx.0550_P1	5	2	F	11	BC1_2F
S_2F_12	Zx.0540_P3_P2	GAGTGCGAGTGC	2F	SHALLOW_A	14	Zx.0540_P3_P2	Zx.0540_P3	5	2	F	12	BC1_2F
S_2G_1	Zx.0440_P1_P5	GCCATAGCCATA	2G	SHALLOW_A	15	Zx.0440_P1_P5	Zx.0440_P1	5	2	G	1	BC1_2G
S_2G_2	Zx.0010_P4_P2	TCTGGTTCTGGT	2G	SHALLOW_A	15	Zx.0010_P4_P2	Zx.0010_P4	4	2	G	2	BC1_2G
S_2G_3	Zx.0190_P2_P2	TGGCTTTGGCTT	2G	SHALLOW_A	15	Zx.0190_P2_P2	Zx.0190_P2	5	2	G	3	BC1_2G
S_2G_4	Zx.0160_P2_P5	AACACTAACACT	2G	SHALLOW_A	15	Zx.0160_P2_P5	Zx.0160_P2	5	2	G	4	BC1_2G
S_2G_5	Zx.0340_P2_P4	TCAGGATCAGGA	2G	SHALLOW_A	15	Zx.0340_P2_P4	Zx.0340_P2	4	2	G	5	BC1_2G
S_2G_6	Zx.0020_P3_P3	TGGTCCTGGTCC	2G	SHALLOW_A	15	Zx.0020_P3_P3	Zx.0020_P3	5	2	G	6	BC1_2G
S_2G_7	Zx.0560_P2_P1	CAACTGCAACTG	2G	SHALLOW_A	15	Zx.0560_P2_P1	Zx.0560_P2	4	2	G	7	BC1_2G
S_2G_8	Zx.0440_P2_P2	CGGACCCGGACC	2G	SHALLOW_A	15	Zx.0440_P2_P2	Zx.0440_P2	4	2	G	8	BC1_2G
S_2G_9	Zv.0050_P1_P4	ATCGAGATCGAG	2G	SHALLOW_A	15	Zv.0050_P1_P4	Zv.0050_P1	4	2	G	9	BC1_2G
S_2G_10	Zv.0340_P1_P2	ATGGTGATGGTG	2G	SHALLOW_A	15	Zv.0340_P1_P2	Zv.0340_P1	5	2	G	10	BC1_2G
S_2G_11	Zv.0340_P2_P5	CTTAAGCTTAAG	2G	SHALLOW_A	15	Zv.0340_P2_P5	Zv.0340_P2	5	2	G	11	BC1_2G
S_2G_12	Zx.0580_P3_P1	GAGTGCGAGTGC	2G	SHALLOW_A	15	Zx.0580_P3_P1	Zx.0580_P3	4	2	G	12	BC1_2G
S_2H_1	Zx.0570_P2_P5	GCCATAGCCATA	2H	SHALLOW_A	16	Zx.0570_P2_P5	Zx.0570_P2	5	2	H	1	BC1_2H
S_2H_2	Zh.0020_P3_P5	TCTGGTTCTGGT	2H	SHALLOW_A	16	Zh.0020_P3_P5	Zh.0020_P3	4	2	H	2	BC1_2H
S_2H_3	Zv.0430_P3_P3	TGGCTTTGGCTT	2H	SHALLOW_A	16	Zv.0430_P3_P3	Zv.0430_P3	4	2	H	3	BC1_2H
S_2H_4	Zl.0040_P4_P3	AACACTAACACT	2H	SHALLOW_A	16	Zl.0040_P4_P3	Zl.0040_P4	4	2	H	4	BC1_2H
S_2H_5	Zx.0440_P2_P3	TCAGGATCAGGA	2H	SHALLOW_A	16	Zx.0440_P2_P3	Zx.0440_P2	4	2	H	5	BC1_2H
S_2H_6	Zv.0050_P1_P5	TGGTCCTGGTCC	2H	SHALLOW_A	16	Zv.0050_P1_P5	Zv.0050_P1	4	2	H	6	BC1_2H
S_2H_7	Zv.0340_P1_P3	CAACTGCAACTG	2H	SHALLOW_A	16	Zv.0340_P1_P3	Zv.0340_P1	5	2	H	7	BC1_2H
S_2H_8	Zx.0580_P3_P2	CGGACCCGGACC	2H	SHALLOW_A	16	Zx.0580_P3_P2	Zx.0580_P3	4	2	H	8	BC1_2H
S_2H_9	Zl.0050_P1_P1	ATCGAGATCGAG	2H	SHALLOW_A	16	Zl.0050_P1_P1	Zl.0050_P1	4	2	H	9	BC1_2H
S_2H_10	Zv.0430_P3_P4	ATGGTGATGGTG	2H	SHALLOW_A	16	Zv.0430_P3_P4	Zv.0430_P3	4	2	H	10	BC1_2H
S_2H_11	Zl.0040_P4_P4	CTTAAGCTTAAG	2H	SHALLOW_A	16	Zl.0040_P4_P4	Zl.0040_P4	4	2	H	11	BC1_2H
S_2H_12	Zx.0440_P2_P4	GAGTGCGAGTGC	2H	SHALLOW_A	16	Zx.0440_P2_P4	Zx.0440_P2	4	2	H	12	BC1_2H
S_3A_1	Zv.0060_P4_P1	GCCATAGCCATA	3A	SHALLOW_A	1	Zv.0060_P4_P1	Zv.0060_P4	5	3	A	1	BC1_3A
S_3A_2	Zv.0340_P1_P4	TCTGGTTCTGGT	3A	SHALLOW_A	1	Zv.0340_P1_P4	Zv.0340_P1	5	3	A	2	BC1_3A
S_3A_3	Zx.0580_P3_P4	TGGCTTTGGCTT	3A	SHALLOW_A	1	Zx.0580_P3_P4	Zx.0580_P3	4	3	A	3	BC1_3A
S_3A_4	Zl.0050_P1_P2	AACACTAACACT	3A	SHALLOW_A	1	Zl.0050_P1_P2	Zl.0050_P1	4	3	A	4	BC1_3A
S_3A_5	Zv.0030_P1_P5	TCAGGATCAGGA	3A	SHALLOW_A	1	Zv.0030_P1_P5	Zv.0030_P1	5	3	A	5	BC1_3A
S_3A_6	Zv.0430_P3_P5	TGGTCCTGGTCC	3A	SHALLOW_A	1	Zv.0430_P3_P5	Zv.0430_P3	4	3	A	6	BC1_3A
S_3A_7	Zl.0020_P3_P1	CAACTGCAACTG	3A	SHALLOW_A	1	Zl.0020_P3_P1	Zl.0020_P3	4	3	A	7	BC1_3A
S_3A_8	Zl.0030_P2_P1	CGGACCCGGACC	3A	SHALLOW_A	1	Zl.0030_P2_P1	Zl.0030_P2	4	3	A	8	BC1_3A
S_3A_9	Zx.0440_P2_P5	ATCGAGATCGAG	3A	SHALLOW_A	1	Zx.0440_P2_P5	Zx.0440_P2	4	3	A	9	BC1_3A
S_3A_10	Zv.0060_P4_P2	ATGGTGATGGTG	3A	SHALLOW_A	1	Zv.0060_P4_P2	Zv.0060_P4	5	3	A	10	BC1_3A
S_3A_11	Zv.0340_P1_P5	CTTAAGCTTAAG	3A	SHALLOW_A	1	Zv.0340_P1_P5	Zv.0340_P1	5	3	A	11	BC1_3A
S_3A_12	Zx.0580_P2_P1	GAGTGCGAGTGC	3A	SHALLOW_A	1	Zx.0580_P2_P1	Zx.0580_P2	5	3	A	12	BC1_3A
S_3B_1	Zx.0580_P3_P5	GCCATAGCCATA	3B	SHALLOW_B	2	Zx.0580_P3_P5	Zx.0580_P3	4	3	B	1	BC1_3B
S_3B_2	Zl.0050_P1_P3	TCTGGTTCTGGT	3B	SHALLOW_B	2	Zl.0050_P1_P3	Zl.0050_P1	4	3	B	2	BC1_3B
S_3B_3	Zv.0040_P3_P2	TGGCTTTGGCTT	3B	SHALLOW_B	2	Zv.0040_P3_P2	Zv.0040_P3	4	3	B	3	BC1_3B
S_3B_4	Zv.0440_P4_P1	AACACTAACACT	3B	SHALLOW_B	2	Zv.0440_P4_P1	Zv.0440_P4	4	3	B	4	BC1_3B
S_3B_5	Zl.0020_P3_P3	TCAGGATCAGGA	3B	SHALLOW_B	2	Zl.0020_P3_P3	Zl.0020_P3	4	3	B	5	BC1_3B
S_3B_6	Zl.0030_P2_P3	TGGTCCTGGTCC	3B	SHALLOW_B	2	Zl.0030_P2_P3	Zl.0030_P2	4	3	B	6	BC1_3B
S_3B_7	Zd.0030_P2_P1	CAACTGCAACTG	3B	SHALLOW_B	2	Zd.0030_P2_P1	Zd.0030_P2	4	3	B	7	BC1_3B
S_3B_8	Zv.0060_P4_P3	CGGACCCGGACC	3B	SHALLOW_B	2	Zv.0060_P4_P3	Zv.0060_P4	5	3	B	8	BC1_3B
S_3B_9	Zv.0340_P2_P1	ATCGAGATCGAG	3B	SHALLOW_B	2	Zv.0340_P2_P1	Zv.0340_P2	5	3	B	9	BC1_3B
S_3B_10	Zx.0580_P2_P2	ATGGTGATGGTG	3B	SHALLOW_B	2	Zx.0580_P2_P2	Zx.0580_P2	5	3	B	10	BC1_3B
S_3B_11	Zx.0570_P2_P1	CTTAAGCTTAAG	3B	SHALLOW_B	2	Zx.0570_P2_P1	Zx.0570_P2	5	3	B	11	BC1_3B
S_3B_12	Zl.0050_P1_P4	GAGTGCGAGTGC	3B	SHALLOW_B	2	Zl.0050_P1_P4	Zl.0050_P1	4	3	B	12	BC1_3B
S_3C_1	Zv.0040_P3_P3	GCCATAGCCATA	3C	SHALLOW_B	3	Zv.0040_P3_P3	Zv.0040_P3	4	3	C	1	BC1_3C
S_3C_2	Zv.0440_P4_P3	TCTGGTTCTGGT	3C	SHALLOW_B	3	Zv.0440_P4_P3	Zv.0440_P4	4	3	C	2	BC1_3C
S_3C_3	Zl.0020_P3_P4	TGGCTTTGGCTT	3C	SHALLOW_B	3	Zl.0020_P3_P4	Zl.0020_P3	4	3	C	3	BC1_3C
S_3C_4	Zl.0030_P2_P4	AACACTAACACT	3C	SHALLOW_B	3	Zl.0030_P2_P4	Zl.0030_P2	4	3	C	4	BC1_3C
S_3C_5	Zd.0030_P2_P2	TCAGGATCAGGA	3C	SHALLOW_B	3	Zd.0030_P2_P2	Zd.0030_P2	4	3	C	5	BC1_3C
S_3C_6	Zv.0060_P4_P4	TGGTCCTGGTCC	3C	SHALLOW_B	3	Zv.0060_P4_P4	Zv.0060_P4	5	3	C	6	BC1_3C
S_3C_7	Zv.0340_P2_P2	CAACTGCAACTG	3C	SHALLOW_B	3	Zv.0340_P2_P2	Zv.0340_P2	5	3	C	7	BC1_3C
S_3C_8	Zx.0580_P2_P3	CGGACCCGGACC	3C	SHALLOW_B	3	Zx.0580_P2_P3	Zx.0580_P2	5	3	C	8	BC1_3C
S_3C_9	Zx.0570_P2_P2	ATCGAGATCGAG	3C	SHALLOW_B	3	Zx.0570_P2_P2	Zx.0570_P2	5	3	C	9	BC1_3C
S_3C_10	Zh.0020_P3_P1	ATGGTGATGGTG	3C	SHALLOW_B	3	Zh.0020_P3_P1	Zh.0020_P3	4	3	C	10	BC1_3C
S_3C_11	Zv.0040_P3_P4	CTTAAGCTTAAG	3C	SHALLOW_B	3	Zv.0040_P3_P4	Zv.0040_P3	4	3	C	11	BC1_3C
S_3C_12	Zv.0440_P4_P4	GAGTGCGAGTGC	3C	SHALLOW_B	3	Zv.0440_P4_P4	Zv.0440_P4	4	3	C	12	BC1_3C
S_3D_1	Zl.0020_P3_P5	GCCATAGCCATA	3D	SHALLOW_B	4	Zl.0020_P3_P5	Zl.0020_P3	4	3	D	1	BC1_3D
S_3D_2	Zl.0030_P2_P5	TCTGGTTCTGGT	3D	SHALLOW_B	4	Zl.0030_P2_P5	Zl.0030_P2	4	3	D	2	BC1_3D
S_3D_3	Zd.0030_P2_P3	TGGCTTTGGCTT	3D	SHALLOW_B	4	Zd.0030_P2_P3	Zd.0030_P2	4	3	D	3	BC1_3D
S_3D_4	Zv.0060_P4_P5	AACACTAACACT	3D	SHALLOW_B	4	Zv.0060_P4_P5	Zv.0060_P4	5	3	D	4	BC1_3D
S_3D_5	Zv.0340_P2_P3	TCAGGATCAGGA	3D	SHALLOW_B	4	Zv.0340_P2_P3	Zv.0340_P2	5	3	D	5	BC1_3D
S_3D_6	Zv.0160_P4_P1	TGGTCCTGGTCC	3D	SHALLOW_B	4	Zv.0160_P4_P1	Zv.0160_P4	5	3	D	6	BC1_3D
S_3D_7	Zx.0580_P2_P4	CAACTGCAACTG	3D	SHALLOW_B	4	Zx.0580_P2_P4	Zx.0580_P2	5	3	D	7	BC1_3D
S_3D_8	Zx.0570_P2_P3	CGGACCCGGACC	3D	SHALLOW_B	4	Zx.0570_P2_P3	Zx.0570_P2	5	3	D	8	BC1_3D
S_3D_9	Zh.0020_P3_P2	ATCGAGATCGAG	3D	SHALLOW_B	4	Zh.0020_P3_P2	Zh.0020_P3	4	3	D	9	BC1_3D
S_3D_10	Zv.0040_P3_P5	ATGGTGATGGTG	3D	SHALLOW_B	4	Zv.0040_P3_P5	Zv.0040_P3	4	3	D	10	BC1_3D
S_3D_11	Zv.0440_P4_P5	CTTAAGCTTAAG	3D	SHALLOW_B	4	Zv.0440_P4_P5	Zv.0440_P4	4	3	D	11	BC1_3D
S_3D_12	Zl.0040_P4_P1	GAGTGCGAGTGC	3D	SHALLOW_B	4	Zl.0040_P4_P1	Zl.0040_P4	4	3	D	12	BC1_3D
S_3E_1	Zv.0050_P1_P1	GCCATAGCCATA	3E	SHALLOW_B	5	Zv.0050_P1_P1	Zv.0050_P1	4	3	E	1	BC1_3E
S_3E_2	Zd.0030_P2_P4	TCTGGTTCTGGT	3E	SHALLOW_B	5	Zd.0030_P2_P4	Zd.0030_P2	4	3	E	2	BC1_3E
S_3E_3	Zv.0340_P1_P1	TGGCTTTGGCTT	3E	SHALLOW_B	5	Zv.0340_P1_P1	Zv.0340_P1	5	3	E	3	BC1_3E
S_3E_4	Zv.0340_P2_P4	AACACTAACACT	3E	SHALLOW_B	5	Zv.0340_P2_P4	Zv.0340_P2	5	3	E	4	BC1_3E
S_3E_5	Zv.0160_P4_P2	TCAGGATCAGGA	3E	SHALLOW_B	5	Zv.0160_P4_P2	Zv.0160_P4	5	3	E	5	BC1_3E
S_3E_6	Zx.0580_P2_P5	TGGTCCTGGTCC	3E	SHALLOW_B	5	Zx.0580_P2_P5	Zx.0580_P2	5	3	E	6	BC1_3E
S_3E_7	Zx.0570_P2_P4	CAACTGCAACTG	3E	SHALLOW_B	5	Zx.0570_P2_P4	Zx.0570_P2	5	3	E	7	BC1_3E
S_3E_8	Zh.0020_P3_P4	CGGACCCGGACC	3E	SHALLOW_B	5	Zh.0020_P3_P4	Zh.0020_P3	4	3	E	8	BC1_3E
S_3E_9	Zv.0430_P3_P1	ATCGAGATCGAG	3E	SHALLOW_B	5	Zv.0430_P3_P1	Zv.0430_P3	4	3	E	9	BC1_3E
S_3E_10	Zl.0040_P4_P2	ATGGTGATGGTG	3E	SHALLOW_B	5	Zl.0040_P4_P2	Zl.0040_P4	4	3	E	10	BC1_3E
S_3E_11	Zv.0050_P1_P2	CTTAAGCTTAAG	3E	SHALLOW_B	5	Zv.0050_P1_P2	Zv.0050_P1	4	3	E	11	BC1_3E
S_3E_12	Zv.0160_P4_P3	GAGTGCGAGTGC	3E	SHALLOW_B	5	Zv.0160_P4_P3	Zv.0160_P4	5	3	E	12	BC1_3E
S_3F_1	Zd.0020_P3_P2	GCCATAGCCATA	3F	SHALLOW_B	6	Zd.0020_P3_P2	Zd.0020_P3	4	3	F	1	BC1_3F
S_3F_2	Zv.0390_P2_P3	TCTGGTTCTGGT	3F	SHALLOW_B	6	Zv.0390_P2_P3	Zv.0390_P2	4	3	F	2	BC1_3F
S_3F_3	Zv.0420_P3_P1	TGGCTTTGGCTT	3F	SHALLOW_B	6	Zv.0420_P3_P1	Zv.0420_P3	5	3	F	3	BC1_3F
S_3F_4	Zv.0120_P2_P3	AACACTAACACT	3F	SHALLOW_B	6	Zv.0120_P2_P3	Zv.0120_P2	4	3	F	4	BC1_3F
S_3F_5	Zv.0230_P1_P2	TCAGGATCAGGA	3F	SHALLOW_B	6	Zv.0230_P1_P2	Zv.0230_P1	5	3	F	5	BC1_3F
S_3F_6	Zv.0290_P2_P5	TGGTCCTGGTCC	3F	SHALLOW_B	6	Zv.0290_P2_P5	Zv.0290_P2	5	3	F	6	BC1_3F
S_3F_7	Zv.0220_P3_P4	CAACTGCAACTG	3F	SHALLOW_B	6	Zv.0220_P3_P4	Zv.0220_P3	5	3	F	7	BC1_3F
S_3F_8	Zv.0160_P4_P4	CGGACCCGGACC	3F	SHALLOW_B	6	Zv.0160_P4_P4	Zv.0160_P4	5	3	F	8	BC1_3F
S_3F_9	Zd.0020_P3_P3	ATCGAGATCGAG	3F	SHALLOW_B	6	Zd.0020_P3_P3	Zd.0020_P3	4	3	F	9	BC1_3F
S_3F_10	Zv.0390_P2_P4	ATGGTGATGGTG	3F	SHALLOW_B	6	Zv.0390_P2_P4	Zv.0390_P2	4	3	F	10	BC1_3F
S_3F_11	Zv.0420_P3_P2	CTTAAGCTTAAG	3F	SHALLOW_B	6	Zv.0420_P3_P2	Zv.0420_P3	5	3	F	11	BC1_3F
S_3F_12	Zv.0120_P2_P4	GAGTGCGAGTGC	3F	SHALLOW_B	6	Zv.0120_P2_P4	Zv.0120_P2	4	3	F	12	BC1_3F
S_3G_1	Zv.0230_P1_P3	GCCATAGCCATA	3G	SHALLOW_B	7	Zv.0230_P1_P3	Zv.0230_P1	5	3	G	1	BC1_3G
S_3G_2	Zv.0210_P1_P1	TCTGGTTCTGGT	3G	SHALLOW_B	7	Zv.0210_P1_P1	Zv.0210_P1	4	3	G	2	BC1_3G
S_3G_3	Zv.0220_P3_P5	TGGCTTTGGCTT	3G	SHALLOW_B	7	Zv.0220_P3_P5	Zv.0220_P3	5	3	G	3	BC1_3G
S_3G_4	Zv.0160_P4_P5	AACACTAACACT	3G	SHALLOW_B	7	Zv.0160_P4_P5	Zv.0160_P4	5	3	G	4	BC1_3G
S_3G_5	Zd.0020_P3_P4	TCAGGATCAGGA	3G	SHALLOW_B	7	Zd.0020_P3_P4	Zd.0020_P3	4	3	G	5	BC1_3G
S_3G_6	Zv.0390_P2_P5	TGGTCCTGGTCC	3G	SHALLOW_B	7	Zv.0390_P2_P5	Zv.0390_P2	4	3	G	6	BC1_3G
S_3G_7	Zv.0420_P3_P3	CAACTGCAACTG	3G	SHALLOW_B	7	Zv.0420_P3_P3	Zv.0420_P3	5	3	G	7	BC1_3G
S_3G_8	Zv.0120_P2_P5	CGGACCCGGACC	3G	SHALLOW_B	7	Zv.0120_P2_P5	Zv.0120_P2	4	3	G	8	BC1_3G
S_3G_9	Zv.0230_P1_P4	ATCGAGATCGAG	3G	SHALLOW_B	7	Zv.0230_P1_P4	Zv.0230_P1	5	3	G	9	BC1_3G
S_3G_10	Zv.0210_P1_P2	ATGGTGATGGTG	3G	SHALLOW_B	7	Zv.0210_P1_P2	Zv.0210_P1	4	3	G	10	BC1_3G
S_3G_11	Zv.0260_P2_P1	CTTAAGCTTAAG	3G	SHALLOW_B	7	Zv.0260_P2_P1	Zv.0260_P2	5	3	G	11	BC1_3G
S_3G_12	Zv.0190_P3_P1	GAGTGCGAGTGC	3G	SHALLOW_B	7	Zv.0190_P3_P1	Zv.0190_P3	5	3	G	12	BC1_3G
S_3H_1	Zd.0010_P3_P4	GCCATAGCCATA	3H	SHALLOW_B	8	Zd.0010_P3_P4	Zd.0010_P3	4	3	H	1	BC1_3H
S_3H_2	Zv.0300_P1_P1	TCTGGTTCTGGT	3H	SHALLOW_B	8	Zv.0300_P1_P1	Zv.0300_P1	4	3	H	2	BC1_3H
S_3H_3	Zv.0070_P4_P1	TGGCTTTGGCTT	3H	SHALLOW_B	8	Zv.0070_P4_P1	Zv.0070_P4	5	3	H	3	BC1_3H
S_3H_4	Zv.0420_P3_P4	AACACTAACACT	3H	SHALLOW_B	8	Zv.0420_P3_P4	Zv.0420_P3	5	3	H	4	BC1_3H
S_3H_5	Zv.0080_P2_P1	TCAGGATCAGGA	3H	SHALLOW_B	8	Zv.0080_P2_P1	Zv.0080_P2	4	3	H	5	BC1_3H
S_3H_6	Zv.0110_P1_P2	TGGTCCTGGTCC	3H	SHALLOW_B	8	Zv.0110_P1_P2	Zv.0110_P1	4	3	H	6	BC1_3H
S_3H_7	Zv.0230_P1_P5	CAACTGCAACTG	3H	SHALLOW_B	8	Zv.0230_P1_P5	Zv.0230_P1	5	3	H	7	BC1_3H
S_3H_8	Zv.0210_P1_P3	CGGACCCGGACC	3H	SHALLOW_B	8	Zv.0210_P1_P3	Zv.0210_P1	4	3	H	8	BC1_3H
S_3H_9	Zv.0260_P2_P2	ATCGAGATCGAG	3H	SHALLOW_B	8	Zv.0260_P2_P2	Zv.0260_P2	5	3	H	9	BC1_3H
S_3H_10	Zv.0190_P3_P2	ATGGTGATGGTG	3H	SHALLOW_B	8	Zv.0190_P3_P2	Zv.0190_P3	5	3	H	10	BC1_3H
S_3H_11	Zv.0300_P1_P2	CTTAAGCTTAAG	3H	SHALLOW_B	8	Zv.0300_P1_P2	Zv.0300_P1	4	3	H	11	BC1_3H
S_3H_12	Zv.0070_P4_P2	GAGTGCGAGTGC	3H	SHALLOW_B	8	Zv.0070_P4_P2	Zv.0070_P4	5	3	H	12	BC1_3H
S_4A_1	Zv.0420_P3_P5	GCCATAGCCATA	4A	SHALLOW_B	9	Zv.0420_P3_P5	Zv.0420_P3	5	4	A	1	BC1_4A
S_4A_2	Zv.0080_P2_P3	TCTGGTTCTGGT	4A	SHALLOW_B	9	Zv.0080_P2_P3	Zv.0080_P2	4	4	A	2	BC1_4A
S_4A_3	Zv.0110_P1_P3	TGGCTTTGGCTT	4A	SHALLOW_B	9	Zv.0110_P1_P3	Zv.0110_P1	4	4	A	3	BC1_4A
S_4A_4	Zv.0290_P2_P1	AACACTAACACT	4A	SHALLOW_B	9	Zv.0290_P2_P1	Zv.0290_P2	5	4	A	4	BC1_4A
S_4A_5	Zv.0210_P1_P5	TCAGGATCAGGA	4A	SHALLOW_B	9	Zv.0210_P1_P5	Zv.0210_P1	4	4	A	5	BC1_4A
S_4A_6	Zv.0260_P2_P3	TGGTCCTGGTCC	4A	SHALLOW_B	9	Zv.0260_P2_P3	Zv.0260_P2	5	4	A	6	BC1_4A
S_4A_7	Zv.0190_P3_P3	CAACTGCAACTG	4A	SHALLOW_B	9	Zv.0190_P3_P3	Zv.0190_P3	5	4	A	7	BC1_4A
S_4A_8	Zv.0300_P1_P3	CGGACCCGGACC	4A	SHALLOW_B	9	Zv.0300_P1_P3	Zv.0300_P1	4	4	A	8	BC1_4A
S_4A_9	Zv.0070_P4_P3	ATCGAGATCGAG	4A	SHALLOW_B	9	Zv.0070_P4_P3	Zv.0070_P4	5	4	A	9	BC1_4A
S_4A_10	Zv.0080_P2_P4	ATGGTGATGGTG	4A	SHALLOW_B	9	Zv.0080_P2_P4	Zv.0080_P2	4	4	A	10	BC1_4A
S_4A_11	Zv.0110_P1_P4	CTTAAGCTTAAG	4A	SHALLOW_B	9	Zv.0110_P1_P4	Zv.0110_P1	4	4	A	11	BC1_4A
S_4A_12	Zv.0290_P2_P2	GAGTGCGAGTGC	4A	SHALLOW_B	9	Zv.0290_P2_P2	Zv.0290_P2	5	4	A	12	BC1_4A
S_4B_1	Zv.0220_P3_P1	GCCATAGCCATA	4B	SHALLOW_B	10	Zv.0220_P3_P1	Zv.0220_P3	5	4	B	1	BC1_4B
S_4B_2	Zv.0260_P2_P4	TCTGGTTCTGGT	4B	SHALLOW_B	10	Zv.0260_P2_P4	Zv.0260_P2	5	4	B	2	BC1_4B
S_4B_3	Zv.0190_P3_P4	TGGCTTTGGCTT	4B	SHALLOW_B	10	Zv.0190_P3_P4	Zv.0190_P3	5	4	B	3	BC1_4B
S_4B_4	Zv.0300_P1_P4	AACACTAACACT	4B	SHALLOW_B	10	Zv.0300_P1_P4	Zv.0300_P1	4	4	B	4	BC1_4B
S_4B_5	Zv.0070_P4_P4	TCAGGATCAGGA	4B	SHALLOW_B	10	Zv.0070_P4_P4	Zv.0070_P4	5	4	B	5	BC1_4B
S_4B_6	Zv.0080_P2_P5	TGGTCCTGGTCC	4B	SHALLOW_B	10	Zv.0080_P2_P5	Zv.0080_P2	4	4	B	6	BC1_4B
S_4B_7	Zv.0110_P1_P5	CAACTGCAACTG	4B	SHALLOW_B	10	Zv.0110_P1_P5	Zv.0110_P1	4	4	B	7	BC1_4B
S_4B_8	Zv.0290_P2_P3	CGGACCCGGACC	4B	SHALLOW_B	10	Zv.0290_P2_P3	Zv.0290_P2	5	4	B	8	BC1_4B
S_4B_9	Zv.0220_P3_P2	ATCGAGATCGAG	4B	SHALLOW_B	10	Zv.0220_P3_P2	Zv.0220_P3	5	4	B	9	BC1_4B
S_4B_10	Zv.0260_P2_P5	ATGGTGATGGTG	4B	SHALLOW_B	10	Zv.0260_P2_P5	Zv.0260_P2	5	4	B	10	BC1_4B
S_4B_11	Zv.0190_P3_P5	CTTAAGCTTAAG	4B	SHALLOW_B	10	Zv.0190_P3_P5	Zv.0190_P3	5	4	B	11	BC1_4B
S_4B_12	Zv.0390_P2_P2	GAGTGCGAGTGC	4B	SHALLOW_B	10	Zv.0390_P2_P2	Zv.0390_P2	4	4	B	12	BC1_4B
S_4C_1	Zv.0280_P1_P1	GCCATAGCCATA	4C	SHALLOW_B	11	Zv.0280_P1_P1	Zv.0280_P1	5	4	C	1	BC1_4C
S_4C_2	Zv.0070_P4_P5	TCTGGTTCTGGT	4C	SHALLOW_B	11	Zv.0070_P4_P5	Zv.0070_P4	5	4	C	2	BC1_4C
S_4C_3	Zv.0120_P2_P2	TGGCTTTGGCTT	4C	SHALLOW_B	11	Zv.0120_P2_P2	Zv.0120_P2	4	4	C	3	BC1_4C
S_4C_4	Zv.0230_P1_P1	AACACTAACACT	4C	SHALLOW_B	11	Zv.0230_P1_P1	Zv.0230_P1	5	4	C	4	BC1_4C
S_4C_5	Zv.0290_P2_P4	TCAGGATCAGGA	4C	SHALLOW_B	11	Zv.0290_P2_P4	Zv.0290_P2	5	4	C	5	BC1_4C
S_4C_6	Zv.0220_P3_P3	TGGTCCTGGTCC	4C	SHALLOW_B	11	Zv.0220_P3_P3	Zv.0220_P3	5	4	C	6	BC1_4C
S_4C_7	Zd.0020_P3_P1	CAACTGCAACTG	4C	SHALLOW_B	11	Zd.0020_P3_P1	Zd.0020_P3	4	4	C	7	BC1_4C
S_4C_8	Zv.0280_P1_P2	CGGACCCGGACC	4C	SHALLOW_B	11	Zv.0280_P1_P2	Zv.0280_P1	5	4	C	8	BC1_4C
S_4C_9	Zx.0380_P2_P4	ATCGAGATCGAG	4C	SHALLOW_B	11	Zx.0380_P2_P4	Zx.0380_P2	4	4	C	9	BC1_4C
S_4C_10	Zx.0400_P1_P5	ATGGTGATGGTG	4C	SHALLOW_B	11	Zx.0400_P1_P5	Zx.0400_P1	4	4	C	10	BC1_4C
S_4C_11	Zv.0100_P3_P2	CTTAAGCTTAAG	4C	SHALLOW_B	11	Zv.0100_P3_P2	Zv.0100_P3	5	4	C	11	BC1_4C
S_4C_12	Zv.0480_P2_P2	GAGTGCGAGTGC	4C	SHALLOW_B	11	Zv.0480_P2_P2	Zv.0480_P2	5	4	C	12	BC1_4C
S_4D_1	Zv.0480_P3_P5	GCCATAGCCATA	4D	SHALLOW_B	12	Zv.0480_P3_P5	Zv.0480_P3	5	4	D	1	BC1_4D
S_4D_2	Zx.0520_P2_P3	TCTGGTTCTGGT	4D	SHALLOW_B	12	Zx.0520_P2_P3	Zx.0520_P2	4	4	D	2	BC1_4D
S_4D_3	Zx.0360_P2_P2	TGGCTTTGGCTT	4D	SHALLOW_B	12	Zx.0360_P2_P2	Zx.0360_P2	5	4	D	3	BC1_4D
S_4D_4	Zv.0280_P1_P3	AACACTAACACT	4D	SHALLOW_B	12	Zv.0280_P1_P3	Zv.0280_P1	5	4	D	4	BC1_4D
S_4D_5	Zx.0380_P2_P5	TCAGGATCAGGA	4D	SHALLOW_B	12	Zx.0380_P2_P5	Zx.0380_P2	4	4	D	5	BC1_4D
S_4D_6	Zx.0430_P3_P1	TGGTCCTGGTCC	4D	SHALLOW_B	12	Zx.0430_P3_P1	Zx.0430_P3	4	4	D	6	BC1_4D
S_4D_7	Zv.0100_P3_P3	CAACTGCAACTG	4D	SHALLOW_B	12	Zv.0100_P3_P3	Zv.0100_P3	5	4	D	7	BC1_4D
S_4D_8	Zv.0480_P2_P3	CGGACCCGGACC	4D	SHALLOW_B	12	Zv.0480_P2_P3	Zv.0480_P2	5	4	D	8	BC1_4D
S_4D_9	Zv.0470_P2_P1	ATCGAGATCGAG	4D	SHALLOW_B	12	Zv.0470_P2_P1	Zv.0470_P2	5	4	D	9	BC1_4D
S_4D_10	Zv.0250_P2_P1	ATGGTGATGGTG	4D	SHALLOW_B	12	Zv.0250_P2_P1	Zv.0250_P2	4	4	D	10	BC1_4D
S_4D_11	Zx.0520_P2_P4	CTTAAGCTTAAG	4D	SHALLOW_B	12	Zx.0520_P2_P4	Zx.0520_P2	4	4	D	11	BC1_4D
S_4D_12	Zx.0360_P2_P3	GAGTGCGAGTGC	4D	SHALLOW_B	12	Zx.0360_P2_P3	Zx.0360_P2	5	4	D	12	BC1_4D
S_4E_1	Zv.0280_P1_P4	GCCATAGCCATA	4E	SHALLOW_B	13	Zv.0280_P1_P4	Zv.0280_P1	5	4	E	1	BC1_4E
S_4E_2	Zx.0430_P3_P2	TCTGGTTCTGGT	4E	SHALLOW_B	13	Zx.0430_P3_P2	Zx.0430_P3	4	4	E	2	BC1_4E
S_4E_3	Zv.0100_P3_P4	TGGCTTTGGCTT	4E	SHALLOW_B	13	Zv.0100_P3_P4	Zv.0100_P3	5	4	E	3	BC1_4E
S_4E_4	Zv.0480_P2_P4	AACACTAACACT	4E	SHALLOW_B	13	Zv.0480_P2_P4	Zv.0480_P2	5	4	E	4	BC1_4E
S_4E_5	Zv.0470_P2_P2	TCAGGATCAGGA	4E	SHALLOW_B	13	Zv.0470_P2_P2	Zv.0470_P2	5	4	E	5	BC1_4E
S_4E_6	Zv.0250_P2_P3	TGGTCCTGGTCC	4E	SHALLOW_B	13	Zv.0250_P2_P3	Zv.0250_P2	4	4	E	6	BC1_4E
S_4E_7	Zx.0520_P2_P5	CAACTGCAACTG	4E	SHALLOW_B	13	Zx.0520_P2_P5	Zx.0520_P2	4	4	E	7	BC1_4E
S_4E_8	Zx.0360_P2_P4	CGGACCCGGACC	4E	SHALLOW_B	13	Zx.0360_P2_P4	Zx.0360_P2	5	4	E	8	BC1_4E
S_4E_9	Zv.0280_P1_P5	ATCGAGATCGAG	4E	SHALLOW_B	13	Zv.0280_P1_P5	Zv.0280_P1	5	4	E	9	BC1_4E
S_4E_10	Zx.0430_P3_P3	ATGGTGATGGTG	4E	SHALLOW_B	13	Zx.0430_P3_P3	Zx.0430_P3	4	4	E	10	BC1_4E
S_4E_11	Zv.0100_P3_P5	CTTAAGCTTAAG	4E	SHALLOW_B	13	Zv.0100_P3_P5	Zv.0100_P3	5	4	E	11	BC1_4E
S_4E_12	Zv.0490_P4_P2	GAGTGCGAGTGC	4E	SHALLOW_B	13	Zv.0490_P4_P2	Zv.0490_P4	4	4	E	12	BC1_4E
S_4F_1	Zv.0480_P2_P5	GCCATAGCCATA	4F	SHALLOW_B	14	Zv.0480_P2_P5	Zv.0480_P2	5	4	F	1	BC1_4F
S_4F_2	Zv.0470_P2_P3	TCTGGTTCTGGT	4F	SHALLOW_B	14	Zv.0470_P2_P3	Zv.0470_P2	5	4	F	2	BC1_4F
S_4F_3	Zv.0250_P2_P4	TGGCTTTGGCTT	4F	SHALLOW_B	14	Zv.0250_P2_P4	Zv.0250_P2	4	4	F	3	BC1_4F
S_4F_4	Zx.0360_P2_P5	AACACTAACACT	4F	SHALLOW_B	14	Zx.0360_P2_P5	Zx.0360_P2	5	4	F	4	BC1_4F
S_4F_5	Zx.0430_P3_P4	TCAGGATCAGGA	4F	SHALLOW_B	14	Zx.0430_P3_P4	Zx.0430_P3	4	4	F	5	BC1_4F
S_4F_6	Zx.0480_P1_P1	TGGTCCTGGTCC	4F	SHALLOW_B	14	Zx.0480_P1_P1	Zx.0480_P1	4	4	F	6	BC1_4F
S_4F_7	Zv.0270_P2_P1	CAACTGCAACTG	4F	SHALLOW_B	14	Zv.0270_P2_P1	Zv.0270_P2	4	4	F	7	BC1_4F
S_4F_8	Zv.0490_P4_P3	CGGACCCGGACC	4F	SHALLOW_B	14	Zv.0490_P4_P3	Zv.0490_P4	4	4	F	8	BC1_4F
S_4F_9	Zv.0480_P3_P1	ATCGAGATCGAG	4F	SHALLOW_B	14	Zv.0480_P3_P1	Zv.0480_P3	5	4	F	9	BC1_4F
S_4F_10	Zv.0470_P2_P4	ATGGTGATGGTG	4F	SHALLOW_B	14	Zv.0470_P2_P4	Zv.0470_P2	5	4	F	10	BC1_4F
S_4F_11	Zv.0250_P2_P5	CTTAAGCTTAAG	4F	SHALLOW_B	14	Zv.0250_P2_P5	Zv.0250_P2	4	4	F	11	BC1_4F
S_4F_12	Zx.0510_P1_P1	GAGTGCGAGTGC	4F	SHALLOW_B	14	Zx.0510_P1_P1	Zx.0510_P1	4	4	F	12	BC1_4F
S_4G_1	Zx.0400_P1_P1	GCCATAGCCATA	4G	SHALLOW_B	15	Zx.0400_P1_P1	Zx.0400_P1	4	4	G	1	BC1_4G
S_4G_2	Zx.0480_P1_P2	TCTGGTTCTGGT	4G	SHALLOW_B	15	Zx.0480_P1_P2	Zx.0480_P1	4	4	G	2	BC1_4G
S_4G_3	Zv.0270_P2_P3	TGGCTTTGGCTT	4G	SHALLOW_B	15	Zv.0270_P2_P3	Zv.0270_P2	4	4	G	3	BC1_4G
S_4G_4	Zv.0490_P4_P4	AACACTAACACT	4G	SHALLOW_B	15	Zv.0490_P4_P4	Zv.0490_P4	4	4	G	4	BC1_4G
S_4G_5	Zv.0480_P3_P2	TCAGGATCAGGA	4G	SHALLOW_B	15	Zv.0480_P3_P2	Zv.0480_P3	5	4	G	5	BC1_4G
S_4G_6	Zv.0470_P2_P5	TGGTCCTGGTCC	4G	SHALLOW_B	15	Zv.0470_P2_P5	Zv.0470_P2	5	4	G	6	BC1_4G
S_4G_7	Zx.0510_P1_P2	CAACTGCAACTG	4G	SHALLOW_B	15	Zx.0510_P1_P2	Zx.0510_P1	4	4	G	7	BC1_4G
S_4G_8	Zx.0400_P1_P3	CGGACCCGGACC	4G	SHALLOW_B	15	Zx.0400_P1_P3	Zx.0400_P1	4	4	G	8	BC1_4G
S_4G_9	Zx.0480_P1_P3	ATCGAGATCGAG	4G	SHALLOW_B	15	Zx.0480_P1_P3	Zx.0480_P1	4	4	G	9	BC1_4G
S_4G_10	Zv.0270_P2_P4	ATGGTGATGGTG	4G	SHALLOW_B	15	Zv.0270_P2_P4	Zv.0270_P2	4	4	G	10	BC1_4G
S_4G_11	Zv.0490_P4_P5	CTTAAGCTTAAG	4G	SHALLOW_B	15	Zv.0490_P4_P5	Zv.0490_P4	4	4	G	11	BC1_4G
S_4G_12	Zv.0480_P3_P3	GAGTGCGAGTGC	4G	SHALLOW_B	15	Zv.0480_P3_P3	Zv.0480_P3	5	4	G	12	BC1_4G
S_4H_1	Zx.0510_P1_P3	GCCATAGCCATA	4H	SHALLOW_B	16	Zx.0510_P1_P3	Zx.0510_P1	4	4	H	1	BC1_4H
S_4H_2	Zx.0380_P2_P1	TCTGGTTCTGGT	4H	SHALLOW_B	16	Zx.0380_P2_P1	Zx.0380_P2	4	4	H	2	BC1_4H
S_4H_3	Zv.0100_P3_P1	TGGCTTTGGCTT	4H	SHALLOW_B	16	Zv.0100_P3_P1	Zv.0100_P3	5	4	H	3	BC1_4H
S_4H_4	Zx.0400_P1_P4	AACACTAACACT	4H	SHALLOW_B	16	Zx.0400_P1_P4	Zx.0400_P1	4	4	H	4	BC1_4H
S_4H_5	Zx.0480_P1_P5	TCAGGATCAGGA	4H	SHALLOW_B	16	Zx.0480_P1_P5	Zx.0480_P1	4	4	H	5	BC1_4H
S_4H_6	Zv.0270_P2_P5	TGGTCCTGGTCC	4H	SHALLOW_B	16	Zv.0270_P2_P5	Zv.0270_P2	4	4	H	6	BC1_4H
S_4H_7	Zv.0480_P2_P1	CAACTGCAACTG	4H	SHALLOW_B	16	Zv.0480_P2_P1	Zv.0480_P2	5	4	H	7	BC1_4H
S_4H_8	Zv.0480_P3_P4	CGGACCCGGACC	4H	SHALLOW_B	16	Zv.0480_P3_P4	Zv.0480_P3	5	4	H	8	BC1_4H
S_4H_9	Zx.0520_P2_P2	ATCGAGATCGAG	4H	SHALLOW_B	16	Zx.0520_P2_P2	Zx.0520_P2	4	4	H	9	BC1_4H
S_4H_10	Zx.0360_P2_P1	ATGGTGATGGTG	4H	SHALLOW_B	16	Zx.0360_P2_P1	Zx.0360_P2	5	4	H	10	BC1_4H
S_4H_11	Zx.0510_P1_P4	CTTAAGCTTAAG	4H	SHALLOW_B	16	Zx.0510_P1_P4	Zx.0510_P1	4	4	H	11	BC1_4H
S_4H_12	Zx.0380_P2_P2	GAGTGCGAGTGC	4H	SHALLOW_B	16	Zx.0380_P2_P2	Zx.0380_P2	4	4	H	12	BC1_4H
